{"count":1,"self":1542.0335103999998,"total":5670.1444648,"children":{"InitializeActuators":{"count":13,"self":0.0016369,"total":0.0016369,"children":null},"InitializeSensors":{"count":13,"self":0.0094515,"total":0.0094515,"children":null},"AgentSendState":{"count":588416,"self":14.4161904,"total":1833.0067098,"children":{"GridSensor.Update":{"count":1529892,"self":1261.6073216,"total":1261.6073151,"children":null},"CollectObservations":{"count":1529892,"self":4.4730076,"total":4.4730076,"children":null},"WriteActionMask":{"count":1529892,"self":1.9723195999999998,"total":1.9723197,"children":null},"RequestDecision":{"count":1529892,"self":8.036750399999999,"total":550.5378772,"children":{"AgentInfo.ToProto":{"count":1529892,"self":10.407408,"total":542.5011264,"children":{"GenerateSensorData":{"count":1529892,"self":425.79276799999997,"total":532.093718,"children":{"GridSensor.GetCompressedObservation":{"count":1529892,"self":106.3009536,"total":106.3009532,"children":null}}}}}}}}},"DecideAction":{"count":588416,"self":2260.1150463999998,"total":2260.1151144,"children":null},"AgentAct":{"count":588416,"self":11.6787792,"total":11.678779599999999,"children":null},"AgentInfo.ToProto":{"count":41621,"self":0.47926569999999996,"total":23.2965008,"children":{"GenerateSensorData":{"count":41621,"self":18.7311232,"total":22.817235099999998,"children":{"GridSensor.GetCompressedObservation":{"count":41621,"self":4.0861111999999995,"total":4.0861113,"children":null}}}}}},"gauges":{"Ninja.CumulativeReward":{"count":41621,"max":86.95077,"min":-1.5999999,"runningAverage":8.179653,"value":5.000005,"weightedAverage":7.98467636}},"metadata":{"timer_format_version":"0.1.0","start_time_seconds":"1694543972","unity_version":"2022.3.8f1","command_line_arguments":"C:\\Program Files\\Unity\\Hub\\Editor\\2022.3.8f1\\Editor\\Unity.exe -projectpath C:\\Users\\Raed\\Ninja_ML -useHub -hubIPC -cloudEnvironment production -licensingIpc LicenseClient-Raed -hubSessionId 3bec6aff-4afd-49a5-b201-9e182726eb32 -accessToken FwtX2h3idF26hRWUAQis7X1zHPBGKKmtikwXwR6ZLC8011f","communication_protocol_version":"1.5.0","com.unity.ml-agents_version":"2.0.1","scene_name":"SampleScene","end_time_seconds":"1694549641"}}